app_id,app_slug,app_name,platform,store_url,store_app_id,store_package,version,last_updated,release_notes,checked_at,status,notes
APP-0001,quivra,Quivra,ios,https://apps.apple.com/app/id6759565093,6759565093,,1.0.10,2026-10-07T22:18:40Z,변환 전과 변환 중에도 파일 목록의 위치와 높이가 안정적으로 유지되도록 화면을 다듬었어요.,2026-10-11T06:20:50+09:00,unchanged,
APP-0001,quivra,Quivra,android,https://play.google.com/store/apps/details?id=com.onnellab.quivra2,,com.onnellab.quivra2,1.0.10,2026. 10. 7.,,2026-10-11T06:20:50+09:00,unchanged,Version/update date read from Google Play public page; matching Android snapshot used as fallback metadata. Imported from github:onnellab/quivra/pubspec.yaml version 1.0.10+85; confirm against Play Console if needed.
APP-0002,tagweaver,TagWeaver,ios,https://apps.apple.com/app/id6759609875,6759609875,,2.5.3,2026-10-07T22:23:04Z,"- 화면 모드에서 시스템 설정, 라이트, 다크를 직접 선택할 수 있어요. - 라이브러리 탐색과 저장 피드백을 더 자연스럽게 다듬었어요. - 최신 ONNELLAB 디자인 규칙에 맞춰 화면의 일관성과 접근성을 개선했어요.",2026-10-11T06:20:50+09:00,unchanged,
APP-0002,tagweaver,TagWeaver,android,https://play.google.com/store/apps/details?id=com.onnellab.tagweaver2,,com.onnellab.tagweaver2,2.5.3,2026. 10. 7.,,2026-10-11T06:20:50+09:00,unchanged,Version/update date read from Google Play public page; matching Android snapshot used as fallback metadata. Imported from github:onnellab/tagweaver/pubspec.yaml version 2.5.3+97; confirm against Play Console if needed.
APP-0003,vaultxt,VaultXT,ios,https://apps.apple.com/app/id6760122045,6760122045,,2.0.1,2026-09-28T16:44:22Z,Melivra에서 받은 가사 파일의 이름을 더 알아보기 쉽게 표시해요.,2026-10-11T06:20:50+09:00,unchanged,
APP-0003,vaultxt,VaultXT,android,https://play.google.com/store/apps/details?id=com.onnellab.vaultxt,,com.onnellab.vaultxt,2.0.1,2026. 9. 27.,,2026-10-11T06:20:50+09:00,unchanged,Version/update date read from Google Play public page; matching Android snapshot used as fallback metadata. Imported from github:onnellab/onnellab-text/vaultxt/pubspec.yaml version 2.0.1+66; confirm against Play Console if needed.
APP-0004,segra,Segra,ios,https://apps.apple.com/app/id6779433972,6779433972,,1.0.6,2026-09-28T13:31:36Z,"- 최신 기능 흐름에 맞춰 앱 소개와 스크린샷을 업데이트했어요. - Android 태블릿, 폴더블, 멀티 윈도우에서도 화면 크기와 방향에 맞춰 사용할 수 있도록 개선했어요. - 고해상도 이미지로 영상을 만들 때 필요한 크기로 이미지를 처리해 메모리 사용 안정성을 높였어요.",2026-10-11T06:20:50+09:00,unchanged,
APP-0004,segra,Segra,android,https://play.google.com/store/apps/details?id=com.onnellab.segra,,com.onnellab.segra,1.0.6,2026. 9. 27.,,2026-10-11T06:20:50+09:00,unchanged,Version/update date read from Google Play public page; matching Android snapshot used as fallback metadata. Imported from github:onnellab/segra/pubspec.yaml version 1.0.6+76; confirm against Play Console if needed.
APP-0005,clipnest,ClipNest,ios,https://apps.apple.com/app/id6779928552,6779928552,,1.0.2,2026-07-13T03:53:22Z,사소한 버그를 수정하고 안정성을 개선했어요.,2026-10-11T06:20:50+09:00,unchanged,
APP-0006,aligna,Aligna,ios,https://apps.apple.com/app/id6783642658,6783642658,,1.0.7,2026-09-29T03:30:00Z,파일명 미리보기와 적용 과정을 더 쉽게 확인할 수 있도록 스토어 안내와 화면 이미지를 새로 정리했어요.,2026-10-11T06:20:50+09:00,unchanged,
APP-0006,aligna,Aligna,android,https://play.google.com/store/apps/details?id=com.onnellab.aligna,,com.onnellab.aligna,1.0.9,2026. 10. 10.,,2026-10-11T06:20:50+09:00,updated,Version/update date read from Google Play public page; matching Android snapshot used as fallback metadata. Imported from github:onnellab/aligna/pubspec.yaml version 1.0.9+25; confirm against Play Console if needed.
APP-0007,melivra,Melivra,ios,https://apps.apple.com/app/id6783644955,6783644955,,,,,2026-10-11T06:20:50+09:00,in_review,App Store public lookup still returns no result; preserving the known in_review state.
APP-0007,melivra,Melivra,android,https://play.google.com/store/apps/details?id=com.onnellab.melivra,,com.onnellab.melivra,1.0.7,2026. 10. 10.,,2026-10-11T06:20:50+09:00,updated,Version/update date read from Google Play public page; matching Android snapshot used as fallback metadata. Imported from github:onnellab/melivra/pubspec.yaml version 1.0.7+144; confirm against Play Console if needed.
APP-0008,papira,Papira,ios,https://apps.apple.com/app/id6803919552,6803919552,,2.0.1,2026-10-03T02:49:21Z,긴 TXT 원고를 변환할 때 텍스트 처리 성능을 개선했습니다.,2026-10-11T06:20:50+09:00,unchanged,
APP-0008,papira,Papira,android,https://play.google.com/store/apps/details?id=com.onnellab.papira,,com.onnellab.papira,2.0.1,2026. 10. 6.,,2026-10-11T06:20:50+09:00,unchanged,Version/update date read from Google Play public page.
